DH,SGD,Program
(LH82*PHG47-B-B-12-1-1-B-B x BS39-097cyc2-DH-02)-B-B-10-1-1-B,MOB001,UIUC
(LH82*PHG47-B-B-12-1-1-B-B x BS39-097cyc2-DH-02)-B-B-10-2-1-B,MOB002,UIUC
(LH82*PHG47-B-B-12-1-1-B-B x BS39-097cyc2-DH-02)-B-B-10-3-1-B,MOB003,UIUC
(LH82*PHG47-B-B-12-1-1-B-B x BS39-097cyc2-DH-02)-B-B-10-4-1-B,MOB004,UIUC
(LH82*PHG47-B-B-12-1-1-B-B x BS39-097cyc2-DH-02)-B-B-10-5-1-B,MOB005,UIUC
(LH82*PHG47-B-B-12-1-1-B-B x BS39-097cyc2-DH-02)-B-B-1-2-1-B,MOB006,UIUC
(LH82*PHG47-B-B-12-1-1-B-B x BS39-097cyc2-DH-02)-B-B-2-1-1-B,MOB007,UIUC
(LH82*PHG47-B-B-12-1-1-B-B x BS39-097cyc2-DH-02)-B-B-2-2-1-B,MOB008,UIUC
(LH82*PHG47-B-B-12-1-1-B-B x BS39-097cyc2-DH-02)-B-B-2-3-1-B,MOB009,UIUC
(LH82*PHG47-B-B-12-1-1-B-B x BS39-097cyc2-DH-02)-B-B-2-4-1-B,MOB010,UIUC
(LH82*PHG47-B-B-12-1-1-B-B x BS39-097cyc2-DH-02)-B-B-3-1-1-B,MOB011,UIUC
(LH82*PHG47-B-B-12-1-1-B-B x BS39-097cyc2-DH-02)-B-B-3-3-1-B,MOB012,UIUC
(LH82*PHG47-B-B-12-1-1-B-B x BS39-097cyc2-DH-02)-B-B-3-4-1-B,MOB013,UIUC
(LH82*PHG47-B-B-12-1-1-B-B x BS39-097cyc2-DH-02)-B-B-3-5-1-B,MOB014,UIUC
(LH82*PHG47-B-B-12-1-1-B-B x BS39-097cyc2-DH-02)-B-B-4-1-1-B,MOB015,UIUC
(LH82*PHG47-B-B-12-1-1-B-B x BS39-097cyc2-DH-02)-B-B-4-2-1-B,MOB016,UIUC
(LH82*PHG47-B-B-12-1-1-B-B x BS39-097cyc2-DH-02)-B-B-5-2-1-B,MOB017,UIUC
(LH82*PHG47-B-B-12-1-1-B-B x BS39-097cyc2-DH-02)-B-B-5-5-1-B,MOB018,UIUC
(LH82*PHG47-B-B-12-1-1-B-B x BS39-097cyc2-DH-02)-B-B-7-1-1-B,MOB019,UIUC
(LH82*PHG47-B-B-12-1-1-B-B x BS39-097cyc2-DH-02)-B-B-7-3-1-B,MOB020,UIUC
(LH82*PHG47-B-B-12-1-1-B-B x BS39-097cyc2-DH-02)-B-B-9-3-1-B,MOB021,UIUC
(LH82*PHG47-B-B-12-1-1-B-B x BS39-097cyc2-DH-02)-B-B-9-5-1-B,MOB022,UIUC
(LH82*PHG47-B-B-12-1-1-B-B x BS39-097cyc2-DH-03)-B-B-10-2-1-B,MOB023,UIUC
(LH82*PHG47-B-B-12-1-1-B-B x BS39-097cyc2-DH-03)-B-B-10-4-1-B,MOB024,UIUC
(LH82*PHG47-B-B-12-1-1-B-B x BS39-097cyc2-DH-03)-B-B-1-4-1-B,MOB025,UIUC
(LH82*PHG47-B-B-12-1-1-B-B x BS39-097cyc2-DH-03)-B-B-1-5-1-B,MOB026,UIUC
(LH82*PHG47-B-B-12-1-1-B-B x BS39-097cyc2-DH-03)-B-B-2-1-1-B,MOB027,UIUC
(LH82*PHG47-B-B-12-1-1-B-B x BS39-097cyc2-DH-03)-B-B-2-3-1-B,MOB028,UIUC
(LH82*PHG47-B-B-12-1-1-B-B x BS39-097cyc2-DH-03)-B-B-2-4-1-B,MOB029,UIUC
(LH82*PHG47-B-B-12-1-1-B-B x BS39-097cyc2-DH-03)-B-B-3-3-1-B,MOB030,UIUC
(LH82*PHG47-B-B-12-1-1-B-B x BS39-097cyc2-DH-03)-B-B-3-4-1-B,MOB031,UIUC
(LH82*PHG47-B-B-12-1-1-B-B x BS39-097cyc2-DH-03)-B-B-3-5-1-B,MOB032,UIUC
(LH82*PHG47-B-B-12-1-1-B-B x BS39-097cyc2-DH-03)-B-B-4-4-1-B,MOB033,UIUC
(LH82*PHG47-B-B-12-1-1-B-B x BS39-097cyc2-DH-03)-B-B-4-5-1-B,MOB034,UIUC
(LH82*PHG47-B-B-12-1-1-B-B x BS39-097cyc2-DH-03)-B-B-5-2-1-B,MOB035,UIUC
(LH82*PHG47-B-B-12-1-1-B-B x BS39-097cyc2-DH-03)-B-B-5-3-1-B,MOB036,UIUC
(LH82*PHG47-B-B-12-1-1-B-B x BS39-097cyc2-DH-03)-B-B-6-3-1-B,MOB037,UIUC
(LH82*PHG47-B-B-12-1-1-B-B x BS39-097cyc2-DH-03)-B-B-6-4-1-B,MOB038,UIUC
(LH82*PHG47-B-B-12-1-1-B-B x BS39-097cyc2-DH-03)-B-B-9-4-1-B,MOB039,UIUC
(LH82*PHG47-B-B-12-1-1-B-B x BS39-097cyc2-DH-10)-B-B-10-1-1-B,MOB040,UIUC
(LH82*PHG47-B-B-12-1-1-B-B x BS39-097cyc2-DH-10)-B-B-1-1-1-B,MOB041,UIUC
(LH82*PHG47-B-B-12-1-1-B-B x BS39-097cyc2-DH-10)-B-B-1-2-1-B,MOB042,UIUC
(LH82*PHG47-B-B-12-1-1-B-B x BS39-097cyc2-DH-10)-B-B-1-4-1-B,MOB043,UIUC
(LH82*PHG47-B-B-12-1-1-B-B x BS39-097cyc2-DH-10)-B-B-1-5-1-B,MOB044,UIUC
(LH82*PHG47-B-B-12-1-1-B-B x BS39-097cyc2-DH-10)-B-B-2-4-1-B,MOB045,UIUC
(LH82*PHG47-B-B-12-1-1-B-B x BS39-097cyc2-DH-10)-B-B-3-1-1-B,MOB046,UIUC
(LH82*PHG47-B-B-12-1-1-B-B x BS39-097cyc2-DH-10)-B-B-3-3-1-B,MOB047,UIUC
(LH82*PHG47-B-B-12-1-1-B-B x BS39-097cyc2-DH-10)-B-B-3-5-1-B,MOB048,UIUC
(LH82*PHG47-B-B-12-1-1-B-B x BS39-097cyc2-DH-10)-B-B-4-1-1-B,MOB049,UIUC
(LH82*PHG47-B-B-12-1-1-B-B x BS39-097cyc2-DH-10)-B-B-4-2-1-B,MOB050,UIUC
(LH82*PHG47-B-B-12-1-1-B-B x BS39-097cyc2-DH-10)-B-B-5-3-1-B,MOB051,UIUC
(LH82*PHG47-B-B-12-1-1-B-B x BS39-097cyc2-DH-10)-B-B-5-4-1-B,MOB052,UIUC
(LH82*PHG47-B-B-12-1-1-B-B x BS39-097cyc2-DH-10)-B-B-5-5-1-B,MOB053,UIUC
(LH82*PHG47-B-B-12-1-1-B-B x BS39-097cyc2-DH-10)-B-B-9-1-1-B,MOB054,UIUC
(LH82*PHG47-B-B-12-1-1-B-B x BS39-097cyc2-DH-14)-B-B-10-4-1-B,MOB055,UIUC
(LH82*PHG47-B-B-12-1-1-B-B x BS39-097cyc2-DH-14)-B-B-1-1-1-B,MOB056,UIUC
(LH82*PHG47-B-B-12-1-1-B-B x BS39-097cyc2-DH-14)-B-B-1-2-1-B,MOB057,UIUC
(LH82*PHG47-B-B-12-1-1-B-B x BS39-097cyc2-DH-14)-B-B-2-1-1-B,MOB058,UIUC
(LH82*PHG47-B-B-12-1-1-B-B x BS39-097cyc2-DH-14)-B-B-3-1-1-B,MOB059,UIUC
(LH82*PHG47-B-B-12-1-1-B-B x BS39-097cyc2-DH-14)-B-B-3-2-1-B,MOB060,UIUC
(LH82*PHG47-B-B-12-1-1-B-B x BS39-097cyc2-DH-14)-B-B-3-4-1-B,MOB061,UIUC
(PHG35*PHG47-B-B-21-1-1-B-B X BS39-243cyc2_DH_21)_B-B-3-4-1-B,MOB062,UIUC
(LH82*PHG47-B-B-12-1-1-B-B x BS39-097cyc2-DH-14)-B-B-5-1-1-B,MOB063,UIUC
(LH82*PHG47-B-B-12-1-1-B-B x BS39-097cyc2-DH-14)-B-B-5-2-1-B,MOB064,UIUC
(LH82*PHG47-B-B-12-1-1-B-B x BS39-097cyc2-DH-14)-B-B-5-3-1-B,MOB065,UIUC
(LH82*PHG47-B-B-12-1-1-B-B x BS39-097cyc2-DH-14)-B-B-5-5-1-B,MOB066,UIUC
(LH82*PHG47-B-B-12-1-1-B-B x BS39-097cyc2-DH-14)-B-B-6-2-1-B,MOB067,UIUC
(LH82*PHG47-B-B-12-1-1-B-B x BS39-097cyc2-DH-14)-B-B-7-5-1-B,MOB068,UIUC
(LH82*PHG47-B-B-12-1-1-B-B x BS39-097cyc2-DH-14)-B-B-8-2-1-B,MOB069,UIUC
(LH82*PHG47-B-B-12-1-1-B-B x BS39-097cyc2-DH-16)-B-B-2-2-1-B,MOB070,UIUC
(LH82*PHG47-B-B-12-1-1-B-B x BS39-097cyc2-DH-16)-B-B-2-4-1-B,MOB071,UIUC
(LH82*PHG47-B-B-12-1-1-B-B x BS39-097cyc2-DH-16)-B-B-4-1-1-B,MOB072,UIUC
(LH82*PHG47-B-B-12-1-1-B-B x BS39-097cyc2-DH-16)-B-B-4-2-1-B,MOB073,UIUC
(LH82*PHG47-B-B-12-1-1-B-B x BS39-097cyc2-DH-16)-B-B-4-4-1-B,MOB074,UIUC
(LH82*PHG47-B-B-12-1-1-B-B x BS39-243cyc2-DH-11)-B-B-1-1-1-B,MOB075,UIUC
(LH82*PHG47-B-B-12-1-1-B-B x BS39-243cyc2-DH-11)-B-B-2-1-1-B,MOB076,UIUC
(LH82*PHG47-B-B-12-1-1-B-B x BS39-243cyc2-DH-11)-B-B-2-2-1-B,MOB077,UIUC
(LH82*PHG47-B-B-12-1-1-B-B x BS39-243cyc2-DH-11)-B-B-2-3-1-B,MOB078,UIUC
(LH82*PHG47-B-B-12-1-1-B-B x BS39-243cyc2-DH-11)-B-B-2-4-1-B,MOB079,UIUC
(LH82*PHG47-B-B-12-1-1-B-B x BS39-243cyc2-DH-11)-B-B-2-5-1-B,MOB080,UIUC
(LH82*PHG47-B-B-12-1-1-B-B x BS39-243cyc2-DH-11)-B-B-3-2-1-B,MOB081,UIUC
(LH82*PHG47-B-B-12-1-1-B-B x BS39-243cyc2-DH-11)-B-B-5-5-1-B,MOB082,UIUC
(LH82*PHG47-B-B-12-1-1-B-B x BS39-243cyc2-DH-11)-B-B-6-1-1-B,MOB083,UIUC
(LH82*PHG47-B-B-12-1-1-B-B x BS39-243cyc2-DH-11)-B-B-6-4-1-B,MOB084,UIUC
(LH82*PHG47-B-B-12-1-1-B-B x BS39-243cyc2-DH-11)-B-B-7-4-1-B,MOB085,UIUC
(LH82*PHG47-B-B-18-1-1-B-B x BS39-097cyc2-DH-08)-B-B-1-2-1-B,MOB086,UIUC
(LH82*PHG47-B-B-18-1-1-B-B x BS39-097cyc2-DH-08)-B-B-1-3-1-B,MOB087,UIUC
(LH82*PHG47-B-B-18-1-1-B-B x BS39-097cyc2-DH-08)-B-B-1-5-1-B,MOB088,UIUC
(LH82*PHG47-B-B-18-1-1-B-B x BS39-097cyc2-DH-08)-B-B-2-2-1-B,MOB089,UIUC
(LH82*PHG47-B-B-18-1-1-B-B x BS39-097cyc2-DH-08)-B-B-2-3-1-B,MOB090,UIUC
(LH82*PHG47-B-B-18-1-1-B-B x BS39-097cyc2-DH-08)-B-B-2-4-1-B,MOB091,UIUC
(LH82*PHG47-B-B-18-1-1-B-B x BS39-097cyc2-DH-08)-B-B-3-1-1-B,MOB092,UIUC
(LH82*PHG47-B-B-18-1-1-B-B x BS39-097cyc2-DH-08)-B-B-3-3-1-B,MOB093,UIUC
(LH82*PHG47-B-B-18-1-1-B-B x BS39-097cyc2-DH-08)-B-B-3-5-1-B,MOB094,UIUC
(LH82*PHG47-B-B-18-1-1-B-B x BS39-097cyc2-DH-08)-B-B-4-1-1-B,MOB095,UIUC
(LH82*PHG47-B-B-18-1-1-B-B x BS39-097cyc2-DH-08)-B-B-4-2-1-B,MOB096,UIUC
(LH82*PHG47-B-B-18-1-1-B-B x BS39-097cyc2-DH-08)-B-B-4-3-1-B,MOB097,UIUC
(LH82*PHG47-B-B-18-1-1-B-B x BS39-097cyc2-DH-08)-B-B-4-5-1-B,MOB098,UIUC
(LH82*PHG47-B-B-18-1-1-B-B x BS39-097cyc2-DH-08)-B-B-5-2-1-B,MOB099,UIUC
(LH82*PHG47-B-B-18-1-1-B-B x BS39-097cyc2-DH-08)-B-B-5-3-1-B,MOB100,UIUC
(LH82*PHG47-B-B-18-1-1-B-B x BS39-097cyc2-DH-08)-B-B-5-4-1-B,MOB101,UIUC
(LH82*PHG47-B-B-25-1-1-B-B x BS39-097cyc2-DH-03)-B-B-1-1-1-B,MOB102,UIUC
(LH82*PHG47-B-B-25-1-1-B-B x BS39-097cyc2-DH-03)-B-B-1-2-1-B,MOB103,UIUC
(LH82*PHG47-B-B-25-1-1-B-B x BS39-097cyc2-DH-03)-B-B-1-2-2-B,MOB104,UIUC
(LH82*PHG47-B-B-25-1-1-B-B x BS39-097cyc2-DH-03)-B-B-1-2-3-B,MOB105,UIUC
(LH82*PHG47-B-B-25-1-1-B-B x BS39-097cyc2-DH-03)-B-B-1-4-1-B,MOB106,UIUC
(LH82*PHG47-B-B-25-1-1-B-B x BS39-097cyc2-DH-03)-B-B-1-5-1-B,MOB107,UIUC
(LH82*PHG47-B-B-25-1-1-B-B x BS39-097cyc2-DH-03)-B-B-2-1-1-B,MOB108,UIUC
(LH82*PHG47-B-B-25-1-1-B-B x BS39-097cyc2-DH-03)-B-B-2-3-1-B,MOB109,UIUC
(LH82*PHG47-B-B-25-1-1-B-B x BS39-097cyc2-DH-03)-B-B-2-5-1-B,MOB110,UIUC
(LH82*PHG47-B-B-25-1-1-B-B x BS39-097cyc2-DH-03)-B-B-3-2-1-B,MOB111,UIUC
(LH82*PHG47-B-B-25-1-1-B-B x BS39-097cyc2-DH-03)-B-B-3-3-1-B,MOB112,UIUC
(LH82*PHG47-B-B-25-1-1-B-B x BS39-097cyc2-DH-03)-B-B-3-4-1-B,MOB113,UIUC
(LH82*PHG47-B-B-25-1-1-B-B x BS39-097cyc2-DH-03)-B-B-3-5-1-B,MOB114,UIUC
(LH82*PHG47-B-B-25-1-1-B-B x BS39-097cyc2-DH-03)-B-B-4-1-1-B,MOB115,UIUC
(LH82*PHG47-B-B-25-1-1-B-B x BS39-097cyc2-DH-03)-B-B-4-2-1-B,MOB116,UIUC
(LH82*PHG47-B-B-25-1-1-B-B x BS39-097cyc2-DH-03)-B-B-4-3-1-B,MOB117,UIUC
(LH82*PHG47-B-B-25-1-1-B-B x BS39-097cyc2-DH-03)-B-B-4-4-1-B,MOB118,UIUC
(LH82*PHG47-B-B-25-1-1-B-B x BS39-097cyc2-DH-03)-B-B-4-5-1-B,MOB119,UIUC
(LH82*PHG47-B-B-25-1-1-B-B x BS39-097cyc2-DH-03)-B-B-5-1-1-B,MOB120,UIUC
(LH82*PHG47-B-B-25-1-1-B-B x BS39-097cyc2-DH-03)-B-B-5-2-1-B,MOB121,UIUC
(LH82*PHG47-B-B-25-1-1-B-B x BS39-097cyc2-DH-03)-B-B-5-3-1-B,MOB122,UIUC
(LH82*PHG47-B-B-25-1-1-B-B x BS39-097cyc2-DH-03)-B-B-5-4-1-B,MOB123,UIUC
(LH82*PHG47-B-B-25-1-1-B-B x BS39-097cyc2-DH-03)-B-B-5-5-1-B,MOB124,UIUC
(LH82*PHG47-B-B-25-1-1-B-B x BS39-243cyc2-DH-08)-B-B-1-3-1-B,MOB125,UIUC
(LH82*PHG47-B-B-25-1-1-B-B x BS39-243cyc2-DH-08)-B-B-1-4-1-B,MOB126,UIUC
(LH82*PHG47-B-B-25-1-1-B-B x BS39-243cyc2-DH-08)-B-B-1-5-1-B,MOB127,UIUC
(LH82*PHG47-B-B-25-1-1-B-B x BS39-243cyc2-DH-08)-B-B-2-1-1-B,MOB128,UIUC
(LH82*PHG47-B-B-25-1-1-B-B x BS39-243cyc2-DH-08)-B-B-2-2-1-B,MOB129,UIUC
(LH82*PHG47-B-B-25-1-1-B-B x BS39-243cyc2-DH-08)-B-B-2-3-1-B,MOB130,UIUC
(LH82*PHG47-B-B-25-1-1-B-B x BS39-243cyc2-DH-08)-B-B-3-1-1-B,MOB131,UIUC
(LH82*PHG47-B-B-25-1-1-B-B x BS39-243cyc2-DH-08)-B-B-3-2-1-B,MOB132,UIUC
(LH82*PHG47-B-B-25-1-1-B-B x BS39-243cyc2-DH-08)-B-B-3-3-1-B,MOB133,UIUC
(LH82*PHG47-B-B-25-1-1-B-B x BS39-243cyc2-DH-08)-B-B-3-4-1-B,MOB134,UIUC
(LH82*PHG47-B-B-25-1-1-B-B x BS39-243cyc2-DH-08)-B-B-3-5-1-B,MOB135,UIUC
(LH82*PHG47-B-B-25-1-1-B-B x BS39-243cyc2-DH-08)-B-B-4-2-1-B,MOB136,UIUC
(LH82*PHG47-B-B-25-1-1-B-B x BS39-243cyc2-DH-08)-B-B-4-5-1-B,MOB137,UIUC
(LH82*PHG47-B-B-25-1-1-B-B x BS39-243cyc2-DH-08)-B-B-5-3-1-B,MOB138,UIUC
(LH82*PHG47-B-B-25-1-1-B-B x BS39-243cyc2-DH-08)-B-B-5-4-1-B,MOB139,UIUC
(LH82*PHG47-B-B-25-1-1-B-B x BS39-243cyc2-DH-08)-B-B-5-5-1-B,MOB140,UIUC
(PHG35*PHG47-B-B-10-1-1-B-B x BS39-097cyc2-DH-03)-B-B-10-1-1-B,MOB141,UIUC
(PHG35*PHG47-B-B-10-1-1-B-B x BS39-097cyc2-DH-03)-B-B-10-2-1-B,MOB142,UIUC
(PHG35*PHG47-B-B-10-1-1-B-B x BS39-097cyc2-DH-03)-B-B-10-4-1-B,MOB143,UIUC
(PHG35*PHG47-B-B-10-1-1-B-B x BS39-097cyc2-DH-03)-B-B-10-5-1-B,MOB144,UIUC
(PHG35*PHG47-B-B-10-1-1-B-B x BS39-097cyc2-DH-03)-B-B-1-1-1-B,MOB145,UIUC
(PHG35*PHG47-B-B-10-1-1-B-B x BS39-097cyc2-DH-03)-B-B-1-2-1-B,MOB146,UIUC
(PHG35*PHG47-B-B-10-1-1-B-B x BS39-097cyc2-DH-03)-B-B-1-3-1-B,MOB147,UIUC
(PHG35*PHG47-B-B-10-1-1-B-B x BS39-097cyc2-DH-03)-B-B-1-4-1-B,MOB148,UIUC
(PHG35*PHG47-B-B-10-1-1-B-B x BS39-097cyc2-DH-03)-B-B-1-5-1-B,MOB149,UIUC
(PHG35*PHG47-B-B-10-1-1-B-B x BS39-097cyc2-DH-03)-B-B-2-4-1-B,MOB150,UIUC
(PHG35*PHG47-B-B-10-1-1-B-B x BS39-097cyc2-DH-03)-B-B-2-5-1-B,MOB151,UIUC
(PHG35*PHG47-B-B-10-1-1-B-B x BS39-097cyc2-DH-03)-B-B-3-2-1-B,MOB152,UIUC
(PHG35*PHG47-B-B-10-1-1-B-B x BS39-097cyc2-DH-03)-B-B-3-4-1-B,MOB153,UIUC
(PHG35*PHG47-B-B-10-1-1-B-B x BS39-097cyc2-DH-03)-B-B-3-5-1-B,MOB154,UIUC
(PHG35*PHG47-B-B-10-1-1-B-B x BS39-097cyc2-DH-03)-B-B-4-5-1-B,MOB155,UIUC
(PHG35*PHG47-B-B-10-1-1-B-B x BS39-097cyc2-DH-03)-B-B-5-3-1-B,MOB156,UIUC
(PHG35*PHG47-B-B-10-1-1-B-B x BS39-097cyc2-DH-03)-B-B-6-4-1-B,MOB157,UIUC
(PHG35*PHG47-B-B-10-1-1-B-B x BS39-097cyc2-DH-03)-B-B-7-1-1-B,MOB158,UIUC
(PHG35*PHG47-B-B-10-1-1-B-B x BS39-097cyc2-DH-03)-B-B-8-1-1-B,MOB159,UIUC
(PHG35*PHG47-B-B-10-1-1-B-B x BS39-097cyc2-DH-03)-B-B-9-1-1-B,MOB160,UIUC
(PHG35*PHG47-B-B-10-1-1-B-B x BS39-097cyc2-DH-03)-B-B-9-3-1-B,MOB161,UIUC
(PHG35*PHG47-B-B-10-1-1-B-B x BS39-097cyc2-DH-03)-B-B-9-5-1-B,MOB162,UIUC
(PHG35*PHG47-B-B-10-1-1-B-B x BS39-097cyc2-DH-07)-B-B-10-1-1-B,MOB163,UIUC
(PHG35*PHG47-B-B-10-1-1-B-B x BS39-097cyc2-DH-07)-B-B-10-3-1-B,MOB164,UIUC
(PHG35*PHG47-B-B-10-1-1-B-B x BS39-097cyc2-DH-07)-B-B-1-1-1-B,MOB165,UIUC
(PHG35*PHG47-B-B-10-1-1-B-B x BS39-097cyc2-DH-07)-B-B-1-2-1-B,MOB166,UIUC
(PHG35*PHG47-B-B-10-1-1-B-B x BS39-097cyc2-DH-07)-B-B-3-1-1-B,MOB167,UIUC
(PHG35*PHG47-B-B-10-1-1-B-B x BS39-097cyc2-DH-07)-B-B-4-2-1-B,MOB168,UIUC
(PHG35*PHG47-B-B-10-1-1-B-B x BS39-097cyc2-DH-07)-B-B-4-3-1-B,MOB169,UIUC
(PHG35*PHG47-B-B-10-1-1-B-B x BS39-097cyc2-DH-07)-B-B-5-3-1-B,MOB170,UIUC
(PHG35*PHG47-B-B-10-1-1-B-B x BS39-097cyc2-DH-07)-B-B-6-3-1-B,MOB171,UIUC
(PHG35*PHG47-B-B-10-1-1-B-B x BS39-097cyc2-DH-07)-B-B-6-4-1-B,MOB172,UIUC
(PHG35*PHG47-B-B-10-1-1-B-B x BS39-097cyc2-DH-07)-B-B-7-1-1-B,MOB173,UIUC
(PHG35*PHG47-B-B-10-1-1-B-B x BS39-097cyc2-DH-07)-B-B-8-1-1-B,MOB174,UIUC
(PHG35*PHG47-B-B-10-1-1-B-B x BS39-097cyc2-DH-07)-B-B-8-2-1-B,MOB175,UIUC
(PHG35*PHG47-B-B-10-1-1-B-B x BS39-097cyc2-DH-07)-B-B-8-3-1-B,MOB176,UIUC
(PHG35*PHG47-B-B-10-1-1-B-B x BS39-097cyc2-DH-07)-B-B-9-2-1-B,MOB177,UIUC
(PHG35*PHG47-B-B-10-1-1-B-B x BS39-097cyc2-DH-09)-B-B-1-2-1-B,MOB178,UIUC
(PHG35*PHG47-B-B-10-1-1-B-B x BS39-097cyc2-DH-09)-B-B-1-3-1-B,MOB179,UIUC
(PHG35*PHG47-B-B-10-1-1-B-B x BS39-097cyc2-DH-09)-B-B-2-4-1-B,MOB180,UIUC
(PHG35*PHG47-B-B-10-1-1-B-B x BS39-097cyc2-DH-09)-B-B-2-5-1-B,MOB181,UIUC
(PHG35*PHG47-B-B-10-1-1-B-B x BS39-097cyc2-DH-09)-B-B-3-1-1-B,MOB182,UIUC
(PHG35*PHG47-B-B-10-1-1-B-B x BS39-097cyc2-DH-09)-B-B-3-4-1-B,MOB183,UIUC
(PHG35*PHG47-B-B-10-1-1-B-B x BS39-097cyc2-DH-09)-B-B-4-2-1-B,MOB184,UIUC
(PHG35*PHG47-B-B-10-1-1-B-B x BS39-097cyc2-DH-09)-B-B-4-4-1-B,MOB185,UIUC
(PHG35*PHG47-B-B-10-1-1-B-B x BS39-097cyc2-DH-09)-B-B-4-5-1-B,MOB186,UIUC
(PHG35*PHG47-B-B-10-1-1-B-B x BS39-097cyc2-DH-09)-B-B-5-1-1-B,MOB187,UIUC
(PHG35*PHG47-B-B-10-1-1-B-B x BS39-097cyc2-DH-09)-B-B-5-4-1-B,MOB188,UIUC
(PHG35*PHG47-B-B-10-1-1-B-B x BS39-097cyc2-DH-10)-B-B-10-2-1-B,MOB189,UIUC
(PHG35*PHG47-B-B-10-1-1-B-B x BS39-243cyc2-DH-12)-B-B-1-5-1-B,MOB190,UIUC
(PHG35*PHG47-B-B-10-1-1-B-B x BS39-097cyc2-DH-10)-B-B-10-5-1-B,MOB191,UIUC
(PHG35*PHG47-B-B-10-1-1-B-B x BS39-097cyc2-DH-10)-B-B-3-1-1-B,MOB192,UIUC
(PHG35*PHG47-B-B-10-1-1-B-B x BS39-097cyc2-DH-10)-B-B-3-5-1-B,MOB193,UIUC
(PHG35*PHG47-B-B-10-1-1-B-B x BS39-097cyc2-DH-10)-B-B-4-1-1-B,MOB194,UIUC
(PHG35*PHG47-B-B-10-1-1-B-B x BS39-097cyc2-DH-10)-B-B-4-2-1-B,MOB195,UIUC
(PHG35*PHG47-B-B-10-1-1-B-B x BS39-097cyc2-DH-10)-B-B-4-3-1-B,MOB196,UIUC
(PHG35*PHG47-B-B-10-1-1-B-B x BS39-097cyc2-DH-10)-B-B-4-4-1-B,MOB197,UIUC
(PHG35*PHG47-B-B-10-1-1-B-B x BS39-097cyc2-DH-10)-B-B-5-3-1-B,MOB198,UIUC
(PHG35*PHG47-B-B-10-1-1-B-B x BS39-097cyc2-DH-10)-B-B-5-4-1-B,MOB199,UIUC
(PHG35*PHG47-B-B-10-1-1-B-B x BS39-097cyc2-DH-10)-B-B-5-5-1-B,MOB200,UIUC
(PHG35*PHG47-B-B-10-1-1-B-B x BS39-097cyc2-DH-10)-B-B-6-1-1-B,MOB201,UIUC
(PHG35*PHG47-B-B-10-1-1-B-B x BS39-097cyc2-DH-10)-B-B-6-2-1-B,MOB202,UIUC
(PHG35*PHG47-B-B-10-1-1-B-B x BS39-097cyc2-DH-10)-B-B-6-4-1-B,MOB203,UIUC
(PHG35*PHG47-B-B-10-1-1-B-B x BS39-097cyc2-DH-10)-B-B-7-2-1-B,MOB204,UIUC
(PHG35*PHG47-B-B-10-1-1-B-B x BS39-097cyc2-DH-10)-B-B-7-3-1-B,MOB205,UIUC
(PHG35*PHG47-B-B-10-1-1-B-B x BS39-097cyc2-DH-10)-B-B-8-2-1-B,MOB206,UIUC
(PHG35*PHG47-B-B-10-1-1-B-B x BS39-097cyc2-DH-10)-B-B-8-3-1-B,MOB207,UIUC
(PHG35*PHG47-B-B-10-1-1-B-B x BS39-097cyc2-DH-10)-B-B-8-4-1-B,MOB208,UIUC
(PHG35*PHG47-B-B-10-1-1-B-B x BS39-097cyc2-DH-10)-B-B-8-5-1-B,MOB209,UIUC
(PHG35*PHG47-B-B-10-1-1-B-B x BS39-097cyc2-DH-13)-B-B-1-1-1-B,MOB210,UIUC
(PHG35*PHG47-B-B-10-1-1-B-B x BS39-097cyc2-DH-13)-B-B-1-2-1-B,MOB211,UIUC
(PHG35*PHG47-B-B-10-1-1-B-B x BS39-097cyc2-DH-13)-B-B-1-3-1-B,MOB212,UIUC
(PHG35*PHG47-B-B-10-1-1-B-B x BS39-097cyc2-DH-13)-B-B-2-2-1-B,MOB213,UIUC
(PHG35*PHG47-B-B-10-1-1-B-B x BS39-097cyc2-DH-13)-B-B-2-3-1-B,MOB214,UIUC
(PHG35*PHG47-B-B-10-1-1-B-B x BS39-097cyc2-DH-13)-B-B-4-1-1-B,MOB215,UIUC
(PHG35*PHG47-B-B-10-1-1-B-B x BS39-097cyc2-DH-13)-B-B-5-2-1-B,MOB216,UIUC
(PHG35*PHG47-B-B-10-1-1-B-B x BS39-097cyc2-DH-13)-B-B-8-1-1-B,MOB217,UIUC
(PHG35*PHG47-B-B-10-1-1-B-B x BS39-097cyc2-DH-13)-B-B-9-1-1-B,MOB218,UIUC
(PHG35*PHG47-B-B-10-1-1-B-B x BS39-243cyc2-DH-12)-B-B-10-1-1-B,MOB219,UIUC
(PHG35*PHG47-B-B-10-1-1-B-B x BS39-243cyc2-DH-12)-B-B-10-2-1-B,MOB220,UIUC
(PHG35*PHG47-B-B-10-1-1-B-B x BS39-243cyc2-DH-12)-B-B-10-3-1-B,MOB221,UIUC
(PHG35*PHG47-B-B-10-1-1-B-B x BS39-243cyc2-DH-12)-B-B-10-5-1-B,MOB222,UIUC
(PHG35*PHG47-B-B-10-1-1-B-B x BS39-243cyc2-DH-12)-B-B-2-1-1-B,MOB223,UIUC
(PHG35*PHG47-B-B-10-1-1-B-B x BS39-243cyc2-DH-12)-B-B-2-2-1-B,MOB224,UIUC
(PHG35*PHG47-B-B-10-1-1-B-B x BS39-243cyc2-DH-12)-B-B-2-3-1-B,MOB225,UIUC
(PHG35*PHG47-B-B-10-1-1-B-B x BS39-243cyc2-DH-12)-B-B-2-4-1-B,MOB226,UIUC
(PHG35*PHG47-B-B-10-1-1-B-B x BS39-243cyc2-DH-12)-B-B-2-5-1-B,MOB227,UIUC
(PHG35*PHG47-B-B-10-1-1-B-B x BS39-243cyc2-DH-12)-B-B-3-1-1-B,MOB228,UIUC
(PHG35*PHG47-B-B-10-1-1-B-B x BS39-243cyc2-DH-12)-B-B-3-3-1-B,MOB229,UIUC
(PHG35*PHG47-B-B-10-1-1-B-B x BS39-243cyc2-DH-12)-B-B-4-1-1-B,MOB230,UIUC
(PHG35*PHG47-B-B-10-1-1-B-B x BS39-243cyc2-DH-12)-B-B-4-2-1-B,MOB231,UIUC
(PHG35*PHG47-B-B-10-1-1-B-B x BS39-243cyc2-DH-12)-B-B-4-3-1-B,MOB232,UIUC
(PHG35*PHG47-B-B-10-1-1-B-B x BS39-243cyc2-DH-12)-B-B-4-5-1-B,MOB233,UIUC
(PHG35*PHG47-B-B-10-1-1-B-B x BS39-243cyc2-DH-12)-B-B-5-1-1-B,MOB234,UIUC
(PHG35*PHG47-B-B-10-1-1-B-B x BS39-243cyc2-DH-12)-B-B-5-2-1-B,MOB235,UIUC
(PHG35*PHG47-B-B-10-1-1-B-B x BS39-243cyc2-DH-12)-B-B-5-3-1-B,MOB236,UIUC
(PHG35*PHG47-B-B-10-1-1-B-B x BS39-243cyc2-DH-12)-B-B-5-5-1-B,MOB237,UIUC
(PHG35*PHG47-B-B-10-1-1-B-B x BS39-243cyc2-DH-12)-B-B-6-2-1-B,MOB238,UIUC
(PHG35*PHG47-B-B-10-1-1-B-B x BS39-243cyc2-DH-12)-B-B-8-1-1-B,MOB239,UIUC
(PHG35*PHG47-B-B-10-1-1-B-B x BS39-243cyc2-DH-12)-B-B-8-2-1-B,MOB240,UIUC
(PHG35*PHG47-B-B-10-1-1-B-B x BS39-243cyc2-DH-12)-B-B-9-2-1-B,MOB241,UIUC
(PHG35*PHG47-B-B-10-1-1-B-B x BS39-243cyc2-DH-12)-B-B-9-3-1-B,MOB242,UIUC
(PHG35*PHG47-B-B-10-1-1-B-B x BS39-243cyc2-DH-12)-B-B-9-4-1-B,MOB243,UIUC
(PHG35*PHG47-B-B-10-1-1-B-B x BS39-243cyc2-DH-16)-B-B-10-1-1-B,MOB244,UIUC
(PHG35*PHG47-B-B-10-1-1-B-B x BS39-243cyc2-DH-16)-B-B-10-2-1-B,MOB245,UIUC
(PHG35*PHG47-B-B-10-1-1-B-B x BS39-243cyc2-DH-16)-B-B-10-5-1-B,MOB246,UIUC
(PHG35*PHG47-B-B-10-1-1-B-B x BS39-243cyc2-DH-16)-B-B-1-1-1-B,MOB247,UIUC
(PHG35*PHG47-B-B-10-1-1-B-B x BS39-243cyc2-DH-16)-B-B-1-2-1-B,MOB248,UIUC
(PHG35*PHG47-B-B-10-1-1-B-B x BS39-243cyc2-DH-16)-B-B-1-4-1-B,MOB249,UIUC
(PHG35*PHG47-B-B-10-1-1-B-B x BS39-243cyc2-DH-16)-B-B-1-5-1-B,MOB250,UIUC
(PHG35*PHG47-B-B-10-1-1-B-B x BS39-243cyc2-DH-16)-B-B-2-1-1-B,MOB251,UIUC
(PHG35*PHG47-B-B-10-1-1-B-B x BS39-243cyc2-DH-16)-B-B-2-3-1-B,MOB252,UIUC
(PHG35*PHG47-B-B-10-1-1-B-B x BS39-243cyc2-DH-16)-B-B-2-4-1-B,MOB253,UIUC
(PHG35*PHG47-B-B-10-1-1-B-B x BS39-243cyc2-DH-16)-B-B-3-1-1-B,MOB254,UIUC
(PHG35*PHG47-B-B-10-1-1-B-B x BS39-243cyc2-DH-16)-B-B-3-2-1-B,MOB255,UIUC
(PHG35*PHG47-B-B-10-1-1-B-B x BS39-243cyc2-DH-16)-B-B-4-3-1-B,MOB256,UIUC
(PHG35*PHG47-B-B-10-1-1-B-B x BS39-243cyc2-DH-16)-B-B-4-4-1-B,MOB257,UIUC
(PHG35*PHG47-B-B-10-1-1-B-B x BS39-243cyc2-DH-16)-B-B-4-5-1-B,MOB258,UIUC
(PHG35*PHG47-B-B-10-1-1-B-B x BS39-243cyc2-DH-16)-B-B-5-3-1-B,MOB259,UIUC
(PHG35*PHG47-B-B-10-1-1-B-B x BS39-243cyc2-DH-16)-B-B-5-4-1-B,MOB260,UIUC
(PHG35*PHG47-B-B-10-1-1-B-B x BS39-243cyc2-DH-16)-B-B-8-1-1-B,MOB261,UIUC
(PHG35*PHG47-B-B-10-1-1-B-B x BS39-243cyc2-DH-16)-B-B-8-4-1-B,MOB262,UIUC
(PHG35*PHG47-B-B-10-1-1-B-B x BS39-243cyc2-DH-16)-B-B-9-2-1-B,MOB263,UIUC
(PHG35*PHG47-B-B-10-1-1-B-B x BS39-243cyc2-DH-16)-B-B-9-3-1-B,MOB264,UIUC
(PHG35*PHG47-B-B-10-1-1-B-B x BS39-243cyc2-DH-16)-B-B-9-4-1-B,MOB265,UIUC
(PHG35*PHG47-B-B-12-1-1-B-B x BS39-097cyc2-DH-07)-B-B-10-3-1-B,MOB266,UIUC
(PHG35*PHG47-B-B-12-1-1-B-B x BS39-097cyc2-DH-07)-B-B-10-4-1-B,MOB267,UIUC
(PHG35*PHG47-B-B-12-1-1-B-B x BS39-097cyc2-DH-07)-B-B-1-1-1-B,MOB268,UIUC
(PHG35*PHG47-B-B-12-1-1-B-B x BS39-097cyc2-DH-07)-B-B-1-2-1-B,MOB269,UIUC
(PHG35*PHG47-B-B-12-1-1-B-B x BS39-097cyc2-DH-07)-B-B-1-3-1-B,MOB270,UIUC
(PHG35*PHG47-B-B-12-1-1-B-B x BS39-097cyc2-DH-07)-B-B-1-4-1-B,MOB271,UIUC
(PHG35*PHG47-B-B-12-1-1-B-B x BS39-097cyc2-DH-07)-B-B-1-5-1-B,MOB272,UIUC
(PHG35*PHG47-B-B-12-1-1-B-B x BS39-097cyc2-DH-07)-B-B-3-3-1-B,MOB273,UIUC
(PHG35*PHG47-B-B-12-1-1-B-B x BS39-097cyc2-DH-08)-B-B-3-1-1-B,MOB274,UIUC
(PHG35*PHG47-B-B-12-1-1-B-B x BS39-097cyc2-DH-08)-B-B-3-2-1-B,MOB275,UIUC
(PHG35*PHG47-B-B-21-1-1-B-B x BS39-243cyc2-DH-21)-B-B-1-1-1-B,MOB276,UIUC
(PHG35*PHG47-B-B-21-1-1-B-B x BS39-243cyc2-DH-21)-B-B-1-2-1-B,MOB277,UIUC
(PHG35*PHG47-B-B-21-1-1-B-B x BS39-243cyc2-DH-21)-B-B-1-3-1-B,MOB278,UIUC
(PHG35*PHG47-B-B-21-1-1-B-B x BS39-243cyc2-DH-21)-B-B-2-1-1-B,MOB279,UIUC
(PHG35*PHG47-B-B-21-1-1-B-B x BS39-243cyc2-DH-21)-B-B-2-2-1-B,MOB280,UIUC
(PHG35*PHG47-B-B-21-1-1-B-B x BS39-243cyc2-DH-21)-B-B-2-3-1-B,MOB281,UIUC
(PHG35*PHG47-B-B-21-1-1-B-B x BS39-243cyc2-DH-21)-B-B-2-5-1-B,MOB282,UIUC
(PHG35*PHG47-B-B-21-1-1-B-B x BS39-243cyc2-DH-21)-B-B-3-2-1-B,MOB283,UIUC
(PHG35*PHG47-B-B-21-1-1-B-B x BS39-243cyc2-DH-21)-B-B-5-1-1-B,MOB284,UIUC
(PHG35*PHG47-B-B-21-1-1-B-B x BS39-243cyc2-DH-21)-B-B-5-2-1-B,MOB285,UIUC
(PHG35*PHG47-B-B-21-1-1-B-B x BS39-243cyc2-DH-21)-B-B-5-5-1-B,MOB286,UIUC
(PHG35*PHG47-B-B-28-1-1-B-B x BS39-097cyc2-DH-07)-B-B-1-3-1-B,MOB287,UIUC
(PHG35*PHG47-B-B-28-1-1-B-B x BS39-097cyc2-DH-07)-B-B-2-1-1-B,MOB288,UIUC
(PHG35*PHG47-B-B-28-1-1-B-B x BS39-097cyc2-DH-07)-B-B-2-2-1-B,MOB289,UIUC
(PHG35*PHG47-B-B-28-1-1-B-B x BS39-097cyc2-DH-07)-B-B-2-3-1-B,MOB290,UIUC
(PHG35*PHG47-B-B-28-1-1-B-B x BS39-097cyc2-DH-07)-B-B-4-4-1-B,MOB291,UIUC
(PHG35*PHG47-B-B-28-1-1-B-B x BS39-097cyc2-DH-07)-B-B-4-5-1-B,MOB292,UIUC
(PHG35*PHG47-B-B-28-1-1-B-B x BS39-097cyc2-DH-07)-B-B-5-1-1-B,MOB293,UIUC
(PHG35*PHG47-B-B-28-1-1-B-B x BS39-097cyc2-DH-07)-B-B-5-2-1-B,MOB294,UIUC
(PHG35*PHG47-B-B-28-1-1-B-B x BS39-097cyc2-DH-07)-B-B-5-3-1-B,MOB295,UIUC
(PHG35*PHG47-B-B-28-1-1-B-B x BS39-097cyc2-DH-07)-B-B-5-4-1-B,MOB296,UIUC
(PHG35*PHG47-B-B-28-1-1-B-B x BS39-097cyc2-DH-07)-B-B-6-1-1-B,MOB297,UIUC
(PHG35*PHG47-B-B-28-1-1-B-B x BS39-097cyc2-DH-07)-B-B-6-2-1-B,MOB298,UIUC
(PHG35*PHG47-B-B-28-1-1-B-B x BS39-097cyc2-DH-07)-B-B-7-5-1-B,MOB299,UIUC
(PHG35*PHG47-B-B-28-1-1-B-B x BS39-097cyc2-DH-07)-B-B-8-2-1-B,MOB300,UIUC
(PHG35*PHG47-B-B-28-1-1-B-B x BS39-097cyc2-DH-07)-B-B-9-1-1-B,MOB301,UIUC
(PHG35*PHG47-B-B-28-1-1-B-B x BS39-097cyc2-DH-07)-B-B-9-5-1-B,MOB302,UIUC
(PHG35*PHG47-B-B-28-1-1-B-B x BS39-097cyc2-DH-13)-B-B-1-1-1-B,MOB303,UIUC
(PHG35*PHG47-B-B-28-1-1-B-B x BS39-097cyc2-DH-13)-B-B-1-3-1-B,MOB304,UIUC
(PHG35*PHG47-B-B-28-1-1-B-B X BS39-097cyc2_DH_13)_B-B-2-1-1-B,MOB305,UIUC
(PHG35*PHG47-B-B-28-1-1-B-B x BS39-097cyc2-DH-13)-B-B-2-3-1-B,MOB306,UIUC
(PHG35*PHG47-B-B-28-1-1-B-B x BS39-097cyc2-DH-13)-B-B-2-3-2-B,MOB307,UIUC
(PHG35*PHG47-B-B-28-1-1-B-B x BS39-097cyc2-DH-13)-B-B-2-5-1-B,MOB308,UIUC
(PHG35*PHG47-B-B-28-1-1-B-B x BS39-097cyc2-DH-13)-B-B-3-2-1-B,MOB309,UIUC
(PHG35*PHG47-B-B-28-1-1-B-B x BS39-097cyc2-DH-13)-B-B-6-4-1-B,MOB310,UIUC
(PHG35*PHG47-B-B-28-1-1-B-B x BS39-097cyc2-DH-13)-B-B-8-4-1-B,MOB311,UIUC
(PHG35*PHG47-B-B-28-1-1-B-B x BS39-097cyc2-DH-13)-B-B-8-5-1-B,MOB312,UIUC
(PHG35*PHG47-B-B-28-1-1-B-B x BS39-097cyc2-DH-18)-B-B-4-1-1-B,MOB313,UIUC
(PHG35*PHG47-B-B-28-1-1-B-B x BS39-097cyc2-DH-18)-B-B-4-2-1-B,MOB314,UIUC
(PHG35*PHG47-B-B-28-1-1-B-B x BS39-097cyc2-DH-18)-B-B-4-3-1-B,MOB315,UIUC
(PHG35*PHG47-B-B-28-1-1-B-B x BS39-097cyc2-DH-18)-B-B-5-3-1-B,MOB316,UIUC
(PHG35*PHG47-B-B-28-1-1-B-B x BS39-097cyc2-DH-18)-B-B-5-4-1-B,MOB317,UIUC
(B73*PH207-B-B-12-1-1-B-B x SHGD-DH-243)-DH-2,MOB471,UIUC
(B73*PH207-B-B-9-1-1-B-B x Mp705)-DH-1,MOB472,UIUC
(B73*PH207-B-B-12-1-1-B-BxSHGD-DH-097)-DH-3,MOB473,UIUC
(B73*PH207-B-B-9-1-1-B-B x SHGD-DH-097)-DH-1,MOB474,UIUC
(PH207*PHG39-B-B-26-1-1-B-B x SHGD-DH-243)-DH-1,MOB475,UIUC
(PH207*PHG39-B-B-26-1-1-B-B x SHGD-DH-243)-DH-5,MOB476,UIUC
(PH207*PHG39-B-B-26-1-1-B-B x SHGD-DH-243)-DH-3,MOB477,UIUC
(PHW52*Kitale II-B-4Y-9-B x SHGD-097)-DH-1,MOB478,UIUC
(PHW52*Kitale II-B-6Y-5 x SHGD-097)-DH-2,MOB479,UIUC
(PHW52*Kitale II-B-4Y-6-B x SHGD-097)-DH-1,MOB480,UIUC
(PHW52*Kitale II-B-4Y-1-B x SHGD-097)-DH-1,MOB481,UIUC
(PHW52*Kitale II-B-6Y-5 x SHGD-097)-DH-1,MOB482,UIUC
(PHW52*Kitale II-B-8Y-2-B x SHGD-097)-DH-1,MOB483,UIUC
(PHW52*Kitale II-B-6Y-1-B x SHGD-097)-DH-1,MOB484,UIUC
(PHW52*Kitale II-B-4Y-8-B x SHGD-097)-DH-1,MOB485,UIUC
(PHW52*Kitale II-B-4Y-3-B x SHGD-097)-DH-1,MOB486,UIUC
(PHW52*Kitale II-B-6Y-4 x SHGD-097)-DH-2,MOB487,UIUC
(PHW52*Kitale II-B-8Y-3-B x SHGD-097)-DH-1,MOB488,UIUC
(PHW52*Kitale II-B-6Y-4 x SHGD-097)-DH-1,MOB489,UIUC
(PHW52*Kitale II-B-6Y-2-BxSHGD-097)-DH-1,MOB490,UIUC
(PHW52*Kitale II-B-8Y-4-BxSHGD-097)-DH-1,MOB491,UIUC
(LH185*Kitale II-B-4Y-2-B x SHGD-097)-DH-1,MOB492,UIUC
(LH185*Kitale II-B-4Y-1-B x SHGD-097)-DH-1,MOB493,UIUC
(LH185*Kitale II-B-4Y-1-B x SHGD-097)-DH-2,MOB494,UIUC
(LH82*PHG35-B-B-13-1-1 x BS39-097cyc2-DH-07)-DH-3,MOB495,UIUC
(LH82*PHG35-B-B-13-1-1 x BS39-097cyc2-DH-16)-DH-1,MOB496,UIUC
(LH82*PHG35-B-B-27-1-1-B-B x BS39-097cyc2-DH-10)-DH-1,MOB497,UIUC
(LH82*PHG35-B-B-30-1-1-B-B x BS39-097cyc2-DH-10)-DH-3,MOB498,UIUC
(LH82*PHG35-B-B-32-1-1-B-B x SHGD-DH-243)-DH-1,MOB499,UIUC
(LH82*PHG35-B-B-13-1-1 x BS39-097cyc2-DH-08)-DH-2,MOB500,UIUC
(LH82*PHG35-B-B-30-1-1-B-B x BS39-243cyc2-DH-08)-DH-1,MOB501,UIUC
(LH82*PHG35-B-B-2-1-1-B-B x BS39-097cyc2-DH-02)-DH-1,MOB502,UIUC
(LH82*PHG35-B-B-13-1-1 x BS39-097cyc2-DH-08)-DH-1,MOB503,UIUC
(LH82*PHG35-B-B-30-1-1-B-B x BS39-243cyc2-DH-06)-DH-1,MOB504,UIUC
(LH82*PHG35-B-B-13-1-1 x BS39-097cyc2-DH-06)-DH-1,MOB505,UIUC
(LH82*PHG35-B-B-27-1-1-B-B x BS39-097cyc2-DH-04)-DH-1,MOB506,UIUC
(LH82*PHG35-B-B-27-1-1-B-B x BS39-097cyc2-DH-08)-DH-2,MOB507,UIUC
(LH82*PHG35-B-B-13-1-1 x BS39-097cyc2-DH-06)-DH-2,MOB508,UIUC
(LH82*PHG35-B-B-27-1-1-B-B x BS39-097cyc2-DH-14)-DH-1,MOB509,UIUC
(LH82*PHG35-B-B-13-1-1 x BS39-097cyc2-DH-06)-DH-3,MOB510,UIUC
(LH82*PHG35-B-B-27-1-1-B-B x BS39-097cyc2-DH-10)-DH-3,MOB511,UIUC
(LH82*PHG35-B-B-27-1-1-B-B x BS39-097cyc2-DH-17)-DH-1,MOB512,UIUC
(LH82*PHG35-B-B-30-1-1-B-B x BS39-097cyc2-DH-11)-DH-1,MOB513,UIUC
(LH82*PHG35-B-B-30-1-1-B-B x BS39-097cyc2-DH-06)-DH-1,MOB514,UIUC
(LH82*PHG35-B-B-27-1-1-B-B x BS39-097cyc2-DH-08)-DH-1,MOB515,UIUC
(LH82*PHG35-B-B-27-1-1-B-B x BS39-243cyc2-DH-11)-DH-1,MOB516,UIUC
(LH82*PHG35-B-B-13-1-1 x BS39-097cyc2_DH_04)_DH_1,MOB517,UIUC
(LH82*PHG35-B-B-27-1-1-B-B x BS39-243cyc2-DH-07)-DH-1,MOB518,UIUC
(LH82*PHG35-B-B-27-1-1-B-B x BS39-243cyc2-DH-20)-DH-2,MOB519,UIUC
(LH82*PHG35-B-B-27-1-1-B-B x BS39-243cyc2-DH-04)-DH-1,MOB520,UIUC
(LH82*PHG35-B-B-13-1-1 x BS39-097cyc2-DH-10)-DH-2,MOB521,UIUC
(LH82*PHG35-B-B-27-1-1-B-B x BS39-097cyc2-DH-10)-DH-4,MOB522,UIUC
(LH82*PHG35-B-B-27-1-1-B-B x BS39-097cyc2-DH-10)-DH-2,MOB523,UIUC
(LH82*PHG35-B-B-13-1-1 x BS39-243cyc2_DH_06)_DH_2,MOB524,UIUC
(LH82*PHG35-B-B-13-1-1 x BS39-243cyc2_DH_06)_DH_1,MOB525,UIUC
(LH82*PHG35-B-B-2-1-1-B-B x SHGD_DH_243)_DH_1,MOB526,UIUC
(LH82*PHG47-B-B-12-1-1-B-B x SHGD-DH-097)-DH-1,MOB527,UIUC
(LH82*PHG47-B-B-7-1-1-B-B x SHGD-DH-243)-DH-4,MOB528,UIUC
(LH82*PHG47-B-B-8-1-1-B-B x SHGD-DH-243)-DH-2,MOB529,UIUC
(LH82*PHG47-B-B-18-1-1-B-B x SHGD-DH-243)-DH-2,MOB530,UIUC
(LH82*PHG47-B-B-25-1-1-B-B x SHGD-DH-243)-DH-1,MOB531,UIUC
(LH82*PHG47-B-B-25-1-1-B-BxSHGD-DH-243)-DH-3,MOB532,UIUC
(LH82*PHG47-B-B-18-1-1-B-B x BS39-243cyc2-DH-11)-DH-1,MOB533,UIUC
(PHG35*PHG47-B-B-10-1-1-B-B x SHGD-DH-243)-DH-2,MOB534,UIUC
(PHG35*PHG47-B-B-21-1-1-B-B x SHGD-DH-243)-DH-2,MOB535,UIUC
(PHG35*PHG47-B-B-21-1-1-B-B x SHGD-DH-097)-DH-2,MOB536,UIUC
(PHG35*PHG47-B-B-21-1-1-B-B x SHGD-DH-097)-DH-1,MOB537,UIUC
(PHG84*Kitale II-B-2Y-1-B x SHGD-097)-DH-1,MOB538,UIUC
(PHZ51*Kitale II-B-8Y-2-B x SHGD-243)-DH-2,MOB539,UIUC
(PHZ51*Kitale II-B-13Y-1-BxSHGD-097)-DH-1,MOB540,UIUC
(PHZ51*Kitale II-B-8Y-2-BxSHGD-243)-DH-1,MOB541,UIUC
(B73*PH207-B-B-12-1-1-B-B x SHGD-DH-243)-DH-1,MOB542,UIUC
(PHW52*Kitale II-B-4Y-2-B x SHGD-097)-DH-1,MOB543,UIUC
(B73*PH207-B-B-12-1-1-B-B x SHGD-DH-097)-DH-1,MOB546,UIUC
(B73*PHG39-B-B-18-1-1-B-B x SHGD-DH-097)-DH-2,MOB547,UIUC
(B73*PHG39-B-B-18-1-1-B-B x SHGD-DH-243)-DH-2,MOB548,UIUC
(B73*PHG39-B-B-8-1-1-B-B x SHGD-DH-243)-DH-2,MOB549,UIUC
(LH82*PHG35-B-B-13-1-1 x BS39-243cyc2-DH-06)-DH-1,MOB551,UIUC
(LH82*PHG35-B-B-30-1-1-B-B x BS39-097cyc2-DH-08)-DH-1,MOB552,UIUC
(LH82*PHG35-B-B-30-1-1-B-B x BS39-097cyc2-DH-10)-DH-1,MOB553,UIUC
(LH82*PHG35-B-B-30-1-1-B-B x BS39-097cyc2-DH-10)-DH-2,MOB554,UIUC
(LH82*PHG35-B-B-30-1-1-B-B x SHGD-DH-243)-DH-1,MOB555,UIUC
(LH82*PHG47-B-B-25-1-1-B-B x SHGD-DH-243)-DH-2,MOB556,UIUC
(PH207*PHG39-B-B-26-1-1-B-B x SHGD-DH-243)-DH-2,MOB557,UIUC
(PHG35*PHG47-B-B-10-1-1-B-B x SHGD-DH-243)-DH-3,MOB558,UIUC
(LH82*PHG35-B-B-13-1-1 x BS39-097cyc2-DH-03)-DH-1,MOB559,UIUC
(LH82*PHG35-B-B-13-1-1 x BS39-097cyc2-DH-07)-DH-1,MOB560,UIUC
(LH82*PHG35-B-B-2-1-1-B-B x BS39-243cyc2-DH-07)-DH-1,MOB561,UIUC
(LH82*PHG35-B-B-27-1-1-B-B x BS39-243cyc2-DH-16)-DH-1,MOB562,UIUC
(LH82*PHG35-B-B-30-1-1-B-B x BS39-097cyc2-DH-02)-DH-3,MOB563,UIUC
(LH82*PHG35-B-B-30-1-1-B-B x BS39-243cyc2-DH-07)-DH-1,MOB564,UIUC
(LH82*PHG47-B-B-12-1-1-B-B x SHGD-DH-097)-DH-2,MOB565,UIUC
(LH82*PHG47-B-B-7-1-1-B-B x SHGD-DH-243)-DH-2,MOB566,UIUC
(LH185*Kitale II-B-4Y-2-B x SHGD-097)-DH-2,MOB567,UIUC
(LH82*PHG35-B-B-13-1-1 x BS39-097cyc2-DH-04)-DH-1,MOB568,UIUC
(LH82*PHG35-B-B-13-1-1 x SHGD-DH-243)-DH-2,MOB569,UIUC
(LH82*PHG35-B-B-2-1-1-B-B x BS39-097cyc2-DH-10)-DH-1,MOB570,UIUC
(LH82*PHG35-B-B-27-1-1-B-B x BS39-243cyc2-DH-11)-DH-2,MOB571,UIUC
(LH82*PHG35-B-B-27-1-1-B-B x BS39-243cyc2-DH-16)-DH-2,MOB572,UIUC
(LH82*PHG35-B-B-27-1-1-B-B x BS39-243cyc2-DH-20)-DH-1,MOB573,UIUC
(LH82*PHG35-B-B-30-1-1-B-B x BS39-097cyc2-DH-11)-DH-2,MOB574,UIUC
(LH82*PHG35-B-B-30-1-1-B-B x SHGD-DH-243)-DH-2,MOB575,UIUC
(LH82*PHG47-B-B-12-1-1-B-B x SHGD-DH-243)-DH-1,MOB576,UIUC
(LH82*PHG47-B-B-7-1-1-B-B x SHGD-DH-243)-DH-1,MOB577,UIUC
(PHZ51*Kitale II-B-8Y-2-B x SHGD-243)-DH-1,MOB579,UIUC
cyc4-haploid_01,ISU370,DHF
BS39-cyc4-DH_002,ISU371,DHF
cyc4-haploid_03,ISU372,DHF
cyc4-haploid_04,ISU373,DHF
cyc4-haploid_05,ISU374,DHF
BS39-cyc4-DH_006,ISU375,DHF
BS39-cyc4-DH_007,ISU376,DHF
cyc4-haploid_08,ISU377,DHF
BS39-cyc4-DH_009,ISU378,DHF
cyc4-haploid_10,ISU379,DHF
cyc4-haploid_11,ISU380,DHF
cyc4-haploid_12,ISU381,DHF
cyc4-haploid_13,ISU382,DHF
cyc4-haploid_14,ISU383,DHF
cyc4-haploid_15,ISU384,DHF
cyc4-haploid_16,ISU385,DHF
cyc4-haploid_17,ISU386,DHF
cyc4-haploid_18,ISU387,DHF
cyc4-haploid_19,ISU388,DHF
cyc4-haploid_20,ISU389,DHF
cyc4-haploid_21,ISU390,DHF
cyc4-haploid_22,ISU391,DHF
BS39-cyc4-DH_023,ISU392,DHF
cyc4-haploid_24,ISU393,DHF
cyc4-haploid_25,ISU394,DHF
cyc4-haploid_26,ISU395,DHF
cyc4-haploid_27,ISU396,DHF
cyc4-haploid_28,ISU397,DHF
cyc4-haploid_29,ISU398,DHF
cyc4-haploid_30,ISU399,DHF
cyc4-haploid_31,ISU400,DHF
cyc4-haploid_32,ISU401,DHF
BS39-cyc4-DH_033,ISU402,DHF
BS39-cyc4-DH_034,ISU403,DHF
BS39-cyc4-DH_035,ISU404,DHF
cyc4-haploid_36,ISU405,DHF
BS39-cyc4-DH_037,ISU406,DHF
cyc4-haploid_38,ISU407,DHF
cyc4-haploid_39,ISU408,DHF
cyc4-haploid_40,ISU409,DHF
cyc4-haploid_41,ISU410,DHF
cyc4-haploid_42,ISU411,DHF
cyc4-haploid_43,ISU412,DHF
cyc4-haploid_44,ISU413,DHF
cyc4-haploid_45,ISU414,DHF
cyc4-haploid_46,ISU415,DHF
cyc4-haploid_47,ISU416,DHF
cyc4-haploid_48,ISU417,DHF
cyc4-haploid_49,ISU418,DHF
cyc4-haploid_50,ISU419,DHF
BS39-cyc4-DH_051,ISU420,DHF
BS39-cyc4-DH_052,ISU421,DHF
cyc4-haploid_53,ISU422,DHF
cyc4-haploid_54,ISU423,DHF
cyc4-haploid_55,ISU424,DHF
cyc4-haploid_56,ISU425,DHF
cyc4-haploid_57,ISU426,DHF
cyc4-haploid_58,ISU427,DHF
cyc4-haploid_59,ISU428,DHF
cyc4-haploid_60,ISU429,DHF
cyc4-haploid_61,ISU430,DHF
cyc4-haploid_62,ISU431,DHF
cyc4-haploid_63,ISU432,DHF
cyc4-haploid_64,ISU433,DHF
BS39-cyc4-DH_065,ISU434,DHF
cyc4-haploid_66,ISU435,DHF
cyc4-haploid_67,ISU436,DHF
cyc4-haploid_68,ISU437,DHF
BS39-cyc4-DH_069,ISU438,DHF
cyc4-haploid_70,ISU439,DHF
cyc4-haploid_71,ISU440,DHF
BS39-cyc4-DH_072,ISU441,DHF
cyc4-haploid_73,ISU442,DHF
BS39-cyc4-DH_074,ISU443,DHF
BS39-cyc4-DH_075,ISU444,DHF
cyc4-haploid_76,ISU445,DHF
BS39-cyc4-DH_077,ISU446,DHF
cyc4-haploid_78,ISU447,DHF
cyc4-haploid_79,ISU448,DHF
cyc4-haploid_80,ISU449,DHF
cyc4-haploid_81,ISU450,DHF
BS39-cyc4-DH_082,ISU451,DHF
cyc4-haploid_83,ISU452,DHF
cyc4-haploid_84,ISU453,DHF
cyc4-haploid_85,ISU454,DHF
cyc4-haploid_86,ISU455,DHF
cyc4-haploid_87,ISU456,DHF
BS39-cyc4-DH_088,ISU457,DHF
cyc4-haploid_89,ISU458,DHF
BS39-cyc4-DH_090,ISU459,DHF
cyc4-haploid_91,ISU460,DHF
cyc4-haploid_92,ISU461,DHF
BS39-cyc4-DH_093,ISU462,DHF
cyc4-haploid_94,ISU463,DHF
cyc4-haploid_95,ISU464,DHF
cyc4-haploid_96,ISU465,DHF
cyc4-haploid_97,ISU466,DHF
cyc4-haploid_98,ISU467,DHF
cyc4-haploid_99,ISU468,DHF
cyc4-haploid_100,ISU469,DHF
cyc4-haploid_101,ISU470,DHF
cyc4-haploid_102,ISU471,DHF
cyc4-haploid_103,ISU472,DHF
cyc4-haploid_104,ISU473,DHF
cyc4-haploid_105,ISU474,DHF
cyc4-haploid_106,ISU475,DHF
cyc4-haploid_107,ISU476,DHF
cyc4-haploid_108,ISU477,DHF
cyc4-haploid_109,ISU478,DHF
cyc4-haploid_110,ISU479,DHF
cyc4-haploid_111,ISU480,DHF
BS39-cyc4-DH_112,ISU481,DHF
cyc4-haploid_113,ISU482,DHF
cyc4-haploid_114,ISU483,DHF
BS39-cyc4-DH_115,ISU484,DHF
cyc4-haploid_116,ISU485,DHF
BS39-cyc4-DH_117,ISU486,DHF
cyc4-haploid_118,ISU487,DHF
cyc4-haploid_119,ISU488,DHF
cyc4-haploid_120,ISU489,DHF
cyc4-haploid_121,ISU490,DHF
cyc4-haploid_122,ISU491,DHF
BS39-cyc4-DH_123,ISU492,DHF
BS39-cyc4-DH_124,ISU493,DHF
cyc4-haploid_125,ISU494,DHF
BS39-cyc4-DH_126,ISU495,DHF
cyc4-haploid_127,ISU496,DHF
cyc4-haploid_128,ISU497,DHF
cyc4-haploid_129,ISU498,DHF
cyc4-haploid_130,ISU499,DHF
cyc4-haploid_131,ISU500,DHF
cyc4-haploid_132,ISU501,DHF
BS39-cyc4-DH_133,ISU502,DHF
cyc4-haploid_134,ISU503,DHF
cyc4-haploid_135,ISU504,DHF
cyc4-haploid_136,ISU505,DHF
cyc4-haploid_137,ISU506,DHF
cyc4-haploid_138,ISU507,DHF
cyc4-haploid_139,ISU508,DHF
cyc4-haploid_140,ISU509,DHF
cyc4-haploid_141,ISU510,DHF
BS39-cyc4-DH_142,ISU511,DHF
BS39-cyc4-DH_143,ISU512,DHF
cyc4-haploid_144,ISU513,DHF
cyc4-haploid_145,ISU514,DHF
BS39-cyc4-DH_146,ISU515,DHF
BS39-cyc4-DH_147,ISU516,DHF
cyc4-haploid_148,ISU517,DHF
cyc4-haploid_149,ISU518,DHF
cyc4-haploid_150,ISU519,DHF
cyc4-haploid_151,ISU520,DHF
cyc4-haploid_152,ISU521,DHF
cyc4-haploid_153,ISU522,DHF
cyc4-haploid_154,ISU523,DHF
cyc4-haploid_155,ISU524,DHF
cyc4-haploid_156,ISU525,DHF
BS39-cyc4-DH_157,ISU526,DHF
BS39-cyc4-DH_158,ISU527,DHF
cyc4-haploid_159,ISU528,DHF
cyc4-haploid_160,ISU529,DHF
cyc4-haploid_161,ISU530,DHF
cyc4-haploid_162,ISU531,DHF
BS39-cyc4-DH_163,ISU532,DHF
cyc4-haploid_164,ISU533,DHF
cyc4-haploid_165,ISU534,DHF
cyc4-haploid_166,ISU535,DHF
BS39-cyc4-DH_167,ISU536,DHF
cyc4-haploid_168,ISU537,DHF
BS39-cyc4-DH_169,ISU538,DHF
BS39-cyc4-DH_170,ISU539,DHF
cyc4-haploid_171,ISU540,DHF
BS39-cyc4-DH_172,ISU541,DHF
cyc4-haploid_173,ISU542,DHF
cyc4-haploid_174,ISU543,DHF
BS39-cyc4-DH_175,ISU544,DHF
cyc4-haploid_176,ISU545,DHF
cyc4-haploid_177,ISU546,DHF
BS39-cyc4-DH_178,ISU547,DHF
BS39-cyc4-DH_179,ISU548,DHF
BS39-cyc4-DH_180,ISU549,DHF
cyc4-haploid_181,ISU550,DHF
BS39-cyc4-DH_182,ISU551,DHF
cyc4-haploid_183,ISU552,DHF
cyc4-haploid_184,ISU553,DHF
cyc4-haploid_185,ISU554,DHF
BS39-cyc4-DH_186,ISU555,DHF
cyc4-haploid_187,ISU556,DHF
cyc4-haploid_188,ISU557,DHF
cyc4-haploid_189,ISU558,DHF
cyc4-haploid_190,ISU559,DHF
cyc4-haploid_191,ISU560,DHF
cyc4-haploid_192,ISU561,DHF
cyc4-haploid_193,ISU562,DHF
cyc4-haploid_194,ISU563,DHF
cyc4-haploid_195,ISU564,DHF
cyc4-haploid_196,ISU565,DHF
cyc4-haploid_197,ISU566,DHF
cyc4-haploid_198,ISU567,DHF
cyc4-haploid_199,ISU568,DHF
cyc4-haploid_200,ISU569,DHF
BS39-cyc4-DH_201,ISU570,DHF
cyc4-haploid_202,ISU571,DHF
cyc4-haploid_203,ISU572,DHF
cyc4-haploid_204,ISU573,DHF
cyc4-haploid_205,ISU574,DHF
cyc4-haploid_206,ISU575,DHF
BS39-cyc4-DH_207,ISU576,DHF
BS39-cyc4-DH_208,ISU577,DHF
BS39-cyc4-DH_209,ISU578,DHF
BS39-cyc4-DH_210,ISU579,DHF
BS39-cyc4-DH_211,ISU580,DHF
BS39-cyc4-DH_212,ISU581,DHF
cyc4-haploid_213,ISU582,DHF
cyc4-haploid_214,ISU583,DHF
cyc4-haploid_215,ISU584,DHF
cyc4-haploid_216,ISU585,DHF
cyc4-haploid_217,ISU586,DHF
cyc4-haploid_218,ISU587,DHF
cyc4-haploid_219,ISU588,DHF
BS39-cyc4-DH_220,ISU589,DHF
BS39-cyc4-DH_221,ISU590,DHF
cyc4-haploid_222,ISU591,DHF
cyc4-haploid_223,ISU592,DHF
BS39-cyc4-DH_224,ISU593,DHF
cyc4-haploid_225,ISU594,DHF
cyc4-haploid_226,ISU595,DHF
BS39-cyc4-DH_227,ISU596,DHF
BS39-cyc4-DH_228,ISU597,DHF
BS39-cyc4-DH_229,ISU598,DHF
cyc4-haploid_230,ISU599,DHF
cyc4-haploid_231,ISU600,DHF
cyc4-haploid_232,ISU601,DHF
cyc4-haploid_233,ISU602,DHF
cyc4-haploid_234,ISU603,DHF
cyc4-haploid_235,ISU604,DHF
BS39-cyc4-DH_236,ISU605,DHF
cyc4-haploid_237,ISU606,DHF
BS39-cyc4-DH_238,ISU607,DHF
cyc4-haploid_239,ISU608,DHF
cyc4-haploid_240,ISU609,DHF
BS39-cyc4-DH_241,ISU610,DHF
cyc4-haploid_242,ISU611,DHF
cyc4-haploid_243,ISU612,DHF
cyc4-haploid_244,ISU613,DHF
cyc4-haploid_245,ISU614,DHF
cyc4-haploid_246,ISU615,DHF
cyc4-haploid_247,ISU616,DHF
cyc4-haploid_248,ISU617,DHF
cyc4-haploid_249,ISU618,DHF
cyc4-haploid_250,ISU619,DHF
cyc4-haploid_251,ISU620,DHF
cyc4-haploid_252,ISU621,DHF
cyc4-haploid_253,ISU622,DHF
cyc4-haploid_254,ISU623,DHF
cyc4-haploid_255,ISU624,DHF
cyc4-haploid_256,ISU625,DHF
cyc4-haploid_257,ISU626,DHF
cyc4-haploid_258,ISU627,DHF
cyc4-haploid_259,ISU628,DHF
cyc4-haploid_260,ISU629,DHF
cyc4-haploid_261,ISU630,DHF
cyc4-haploid_262,ISU631,DHF
cyc4-haploid_263,ISU632,DHF
cyc4-haploid_264,ISU633,DHF
cyc4-haploid_265,ISU634,DHF
cyc4-haploid_266,ISU635,DHF
cyc4-haploid_267,ISU636,DHF
cyc4-haploid_268,ISU637,DHF
cyc4-haploid_269,ISU638,DHF
cyc4-haploid_270,ISU639,DHF
cyc4-haploid_271,ISU640,DHF
cyc4-haploid_272,ISU641,DHF
cyc4-haploid_273,ISU642,DHF
cyc4-haploid_274,ISU643,DHF
cyc4-haploid_275,ISU644,DHF
cyc4-haploid_276,ISU645,DHF
cyc4-haploid_277,ISU646,DHF
cyc4-haploid_278,ISU647,DHF
BS39-cyc4-DH_279,ISU648,DHF
cyc4-haploid_280,ISU649,DHF
cyc4-haploid_281,ISU650,DHF
cyc4-haploid_282,ISU651,DHF
cyc4-haploid_283,ISU652,DHF
BS39-cyc4-DH_284,ISU653,DHF
cyc4-haploid_285,ISU654,DHF
cyc4-haploid_286,ISU655,DHF
cyc4-haploid_287,ISU656,DHF
cyc4-haploid_288,ISU657,DHF
cyc4-haploid_289,ISU658,DHF
cyc4-haploid_290,ISU659,DHF
cyc4-haploid_291,ISU660,DHF
cyc4-haploid_292,ISU661,DHF
cyc4-haploid_293,ISU662,DHF
cyc4-haploid_294,ISU663,DHF
cyc4-haploid_295,ISU664,DHF
cyc4-haploid_296,ISU665,DHF
cyc4-haploid_297,ISU666,DHF
cyc4-haploid_298,ISU667,DHF
cyc4-haploid_299,ISU668,DHF
cyc4-haploid_300,ISU669,DHF
cyc4-haploid_301,ISU670,DHF
cyc4-haploid_302,ISU671,DHF
cyc4-haploid_303,ISU672,DHF
cyc4-haploid_304,ISU673,DHF
cyc4-haploid_305,ISU674,DHF
cyc4-haploid_306,ISU675,DHF
cyc4-haploid_307,ISU676,DHF
cyc4-haploid_308,ISU677,DHF
cyc4-haploid_309,ISU678,DHF
BS39-cyc4-DH_310,ISU679,DHF
cyc4-haploid_311,ISU680,DHF
cyc4-haploid_312,ISU681,DHF
cyc4-haploid_313,ISU682,DHF
cyc4-haploid_314,ISU683,DHF
cyc4-haploid_315,ISU684,DHF
cyc4-haploid_316,ISU685,DHF
cyc4-haploid_317,ISU686,DHF
cyc4-haploid_318,ISU687,DHF
cyc4-haploid_319,ISU688,DHF
cyc4-haploid_320,ISU689,DHF
cyc4-haploid_321,ISU690,DHF
cyc4-haploid_322,ISU691,DHF
cyc4-haploid_323,ISU692,DHF
cyc4-haploid_324,ISU693,DHF
cyc4-haploid_325,ISU694,DHF
BS39-cyc4-DH_326,ISU695,DHF
BS39-cyc4-DH_327,ISU696,DHF
cyc4-haploid_328,ISU697,DHF
cyc4-haploid_329,ISU698,DHF
cyc4-haploid_330,ISU699,DHF
cyc4-haploid_331,ISU700,DHF
cyc4-haploid_332,ISU701,DHF
cyc4-haploid_333,ISU702,DHF
cyc4-haploid_334,ISU703,DHF
cyc4-haploid_335,ISU704,DHF
BS39-cyc4-DH_336,ISU705,DHF
cyc4-haploid_337,ISU706,DHF
BS39-cyc4-DH_338,ISU707,DHF
BS39-cyc4-DH_339,ISU708,DHF
cyc4-haploid_340,ISU709,DHF
BS39-cyc4-DH_341,ISU710,DHF
cyc4-haploid_342,ISU711,DHF
cyc4-haploid_343,ISU712,DHF
cyc4-haploid_344,ISU713,DHF
BS39-cyc4-DH_345,ISU714,DHF
cyc4-haploid_346,ISU715,DHF
cyc4-haploid_347,ISU716,DHF
cyc4-haploid_348,ISU717,DHF
cyc4-haploid_349,ISU718,DHF
cyc4-haploid_350,ISU719,DHF
cyc4-haploid_351,ISU720,DHF
cyc4-haploid_352,ISU721,DHF
BS39-cyc4-DH_362,ISU731,DHF
BS39-cyc4-DH_363,ISU732,DHF
BS39-cyc4-DH_364,ISU733,DHF
BS39-cyc4-DH_365,ISU734,DHF
BS39-cyc4-DH_366,ISU735,DHF
cyc4-haploid_367,ISU736,DHF
BS39-cyc4-DH_368,ISU737,DHF
cyc4-haploid_369,ISU738,DHF
cyc4-haploid_370,ISU739,DHF
BS39-cyc4-DH_371,ISU740,DHF
BS39-cyc4-DH_372,ISU741,DHF
BS39-cyc4-DH_373,ISU742,DHF
BS39-cyc4-DH_374,ISU743,DHF
BS39-cyc4-DH_375,ISU744,DHF
cyc4-haploid_376,ISU745,DHF
cyc4-haploid_377,ISU746,DHF
cyc4-haploid_378,ISU747,DHF
cyc4-haploid_379,ISU748,DHF
BS39-cyc4-DH_380,ISU749,DHF
BS39-cyc4-DH_381,ISU750,DHF
cyc4-haploid_382,ISU751,DHF
BS39-cyc4-DH_383,ISU752,DHF
cyc4-haploid_384,ISU753,DHF
BS39-cyc4-DH_385,ISU754,DHF
BS39-cyc4-DH_386,ISU755,DHF
BS39-cyc4-DH_387,ISU756,DHF
BS39-cyc4-DH_388,ISU757,DHF
BS39-cyc4-DH_389,ISU758,DHF
BS39-cyc4-DH_390,ISU759,DHF
BS39-cyc4-DH_391,ISU760,DHF
BS39-cyc4-DH_392,ISU761,DHF
cyc4-haploid_393,ISU762,DHF
BS39-cyc4-DH_394,ISU763,DHF
BS39-cyc4-DH_395,ISU764,DHF
BS39-cyc4-DH_396,ISU765,DHF
BS39-cyc4-DH_397,ISU766,DHF
cyc4-haploid_398,ISU767,DHF
BS39-cyc4-DH_399,ISU768,DHF
BS39-cyc4-DH_400,ISU769,DHF
cyc4-haploid_401,ISU770,DHF
BS39-cyc4-DH_402,ISU771,DHF
BS39-cyc4-DH_403,ISU772,DHF
BS39-cyc4-DH_404,ISU773,DHF
cyc4-haploid_405,ISU774,DHF
BS39-cyc4-DH_406,ISU775,DHF
cyc4-haploid_407,ISU776,DHF
BS39-cyc4-DH_408,ISU777,DHF
BS39-cyc4-DH_409,ISU778,DHF
cyc4-haploid_410,ISU779,DHF
BS39-cyc4-DH_411,ISU780,DHF
BS39-cyc4-DH_412,ISU781,DHF
BS39-cyc4-DH_413,ISU782,DHF
BS39-cyc4-DH_414,ISU783,DHF
BS39-cyc4-DH_415,ISU784,DHF
cyc4-haploid_416,ISU785,DHF
BS39-cyc4-DH_417,ISU786,DHF
cyc4-haploid_418,ISU787,DHF
cyc4-haploid_419,ISU788,DHF
cyc4-haploid_420,ISU789,DHF
BS39-cyc4-DH_421,ISU790,DHF
BS39-cyc4-DH_422,ISU791,DHF
cyc4-haploid_423,ISU792,DHF
cyc4-haploid_424,ISU793,DHF
BS39-cyc4-DH_425,ISU794,DHF
cyc4-haploid_426,ISU795,DHF
cyc4-haploid_427,ISU796,DHF
cyc4-haploid_428,ISU797,DHF
cyc4-haploid_429,ISU798,DHF
cyc4-haploid_430,ISU799,DHF
cyc4-haploid_431,ISU800,DHF
cyc4-haploid_432,ISU801,DHF
cyc4-haploid_433,ISU802,DHF
cyc4-haploid_434,ISU803,DHF
cyc4-haploid_435,ISU804,DHF
cyc4-haploid_436,ISU805,DHF
cyc4-haploid_437,ISU806,DHF
cyc4-haploid_438,ISU807,DHF
